,model_number,model_type,features,max_depth,min_samples_leaf,c_value
0,baseline,baseline,,,,
1,1,decision tree,"['enc_monthlycharges_group_76-100', 'enc_tenure_months_1-6']",3.0,,
2,2,decision tree,"['enc_monthlycharges_group_76-100', 'enc_tenure_months_1-6']",4.0,,
3,3,decision tree,"['enc_monthlycharges_group_76-100', 'enc_tenure_months_1-6']",5.0,,
4,4,decision tree,"['enc_monthlycharges_group_76-100', 'enc_tenure_months_1-6']",6.0,,
5,5,decision tree,"['enc_monthlycharges_group_76-100', 'enc_tenure_months_1-6']",7.0,,
6,6,decision tree,"['enc_monthlycharges_group_76-100', 'enc_tenure_months_1-6']",8.0,,
7,7,decision tree,"['enc_monthlycharges_group_76-100', 'enc_tenure_months_1-6']",9.0,,
8,8,decision tree,"['enc_monthlycharges_group_76-100', 'enc_tenure_months_1-6']",10.0,,
9,9,decision tree,"['enc_monthlycharges_group_76-100', 'enc_totalcharges_group_0-2k', 'enc_tenure_months_1-6']",3.0,,
10,10,decision tree,"['enc_monthlycharges_group_76-100', 'enc_totalcharges_group_0-2k', 'enc_tenure_months_1-6']",4.0,,
11,11,decision tree,"['enc_monthlycharges_group_76-100', 'enc_totalcharges_group_0-2k', 'enc_tenure_months_1-6']",5.0,,
12,12,decision tree,"['enc_monthlycharges_group_76-100', 'enc_totalcharges_group_0-2k', 'enc_tenure_months_1-6']",6.0,,
13,13,decision tree,"['enc_monthlycharges_group_76-100', 'enc_totalcharges_group_0-2k', 'enc_tenure_months_1-6']",7.0,,
14,14,decision tree,"['enc_monthlycharges_group_76-100', 'enc_totalcharges_group_0-2k', 'enc_tenure_months_1-6']",8.0,,
15,15,decision tree,"['enc_monthlycharges_group_76-100', 'enc_totalcharges_group_0-2k', 'enc_tenure_months_1-6']",9.0,,
16,16,decision tree,"['enc_monthlycharges_group_76-100', 'enc_totalcharges_group_0-2k', 'enc_tenure_months_1-6']",10.0,,
17,17,decision tree,"['enc_monthlycharges_group_76-100', 'enc_monthlycharges_group_>100', 'enc_totalcharges_group_0-2k', 'enc_tenure_months_1-6']",3.0,,
18,18,decision tree,"['enc_monthlycharges_group_76-100', 'enc_monthlycharges_group_>100', 'enc_totalcharges_group_0-2k', 'enc_tenure_months_1-6']",4.0,,
19,19,decision tree,"['enc_monthlycharges_group_76-100', 'enc_monthlycharges_group_>100', 'enc_totalcharges_group_0-2k', 'enc_tenure_months_1-6']",5.0,,
20,20,decision tree,"['enc_monthlycharges_group_76-100', 'enc_monthlycharges_group_>100', 'enc_totalcharges_group_0-2k', 'enc_tenure_months_1-6']",6.0,,
21,21,decision tree,"['enc_monthlycharges_group_76-100', 'enc_monthlycharges_group_>100', 'enc_totalcharges_group_0-2k', 'enc_tenure_months_1-6']",7.0,,
22,22,decision tree,"['enc_monthlycharges_group_76-100', 'enc_monthlycharges_group_>100', 'enc_totalcharges_group_0-2k', 'enc_tenure_months_1-6']",8.0,,
23,23,decision tree,"['enc_monthlycharges_group_76-100', 'enc_monthlycharges_group_>100', 'enc_totalcharges_group_0-2k', 'enc_tenure_months_1-6']",9.0,,
24,24,decision tree,"['enc_monthlycharges_group_76-100', 'enc_monthlycharges_group_>100', 'enc_totalcharges_group_0-2k', 'enc_tenure_months_1-6']",10.0,,
25,25,decision tree,"['enc_monthlycharges_group_51-75', 'enc_monthlycharges_group_76-100', 'enc_monthlycharges_group_>100', 'enc_totalcharges_group_0-2k', 'enc_tenure_months_1-6']",3.0,,
26,26,decision tree,"['enc_monthlycharges_group_51-75', 'enc_monthlycharges_group_76-100', 'enc_monthlycharges_group_>100', 'enc_totalcharges_group_0-2k', 'enc_tenure_months_1-6']",4.0,,
27,27,decision tree,"['enc_monthlycharges_group_76-100', 'enc_monthlycharges_group_>100', 'enc_totalcharges_group_0-2k', 'enc_totalcharges_group_2k-4k', 'enc_tenure_months_1-6']",5.0,,
28,28,decision tree,"['enc_monthlycharges_group_76-100', 'enc_monthlycharges_group_>100', 'enc_totalcharges_group_0-2k', 'enc_totalcharges_group_2k-4k', 'enc_tenure_months_1-6']",6.0,,
29,29,decision tree,"['enc_monthlycharges_group_76-100', 'enc_monthlycharges_group_>100', 'enc_totalcharges_group_0-2k', 'enc_totalcharges_group_2k-4k', 'enc_tenure_months_1-6']",7.0,,
30,30,decision tree,"['enc_monthlycharges_group_76-100', 'enc_monthlycharges_group_>100', 'enc_totalcharges_group_0-2k', 'enc_totalcharges_group_2k-4k', 'enc_tenure_months_1-6']",8.0,,
31,31,decision tree,"['enc_monthlycharges_group_76-100', 'enc_monthlycharges_group_>100', 'enc_totalcharges_group_0-2k', 'enc_totalcharges_group_2k-4k', 'enc_tenure_months_1-6']",9.0,,
32,32,decision tree,"['enc_monthlycharges_group_76-100', 'enc_monthlycharges_group_>100', 'enc_totalcharges_group_0-2k', 'enc_totalcharges_group_2k-4k', 'enc_tenure_months_1-6']",10.0,,
33,33,decision tree,"['enc_monthlycharges_group_51-75', 'enc_monthlycharges_group_76-100', 'enc_monthlycharges_group_>100', 'enc_totalcharges_group_0-2k', 'enc_tenure_months_1-6', 'enc_tenure_months_7-12']",3.0,,
34,34,decision tree,"['enc_monthlycharges_group_51-75', 'enc_monthlycharges_group_76-100', 'enc_monthlycharges_group_>100', 'enc_totalcharges_group_0-2k', 'enc_totalcharges_group_2k-4k', 'enc_tenure_months_1-6']",4.0,,
35,35,decision tree,"['enc_monthlycharges_group_51-75', 'enc_monthlycharges_group_76-100', 'enc_monthlycharges_group_>100', 'enc_totalcharges_group_0-2k', 'enc_totalcharges_group_2k-4k', 'enc_tenure_months_1-6']",5.0,,
36,36,decision tree,"['enc_monthlycharges_group_51-75', 'enc_monthlycharges_group_76-100', 'enc_monthlycharges_group_>100', 'enc_totalcharges_group_0-2k', 'enc_totalcharges_group_2k-4k', 'enc_tenure_months_1-6']",6.0,,
37,37,decision tree,"['enc_monthlycharges_group_51-75', 'enc_monthlycharges_group_76-100', 'enc_monthlycharges_group_>100', 'enc_totalcharges_group_0-2k', 'enc_totalcharges_group_2k-4k', 'enc_tenure_months_1-6']",7.0,,
38,38,decision tree,"['enc_monthlycharges_group_51-75', 'enc_monthlycharges_group_76-100', 'enc_monthlycharges_group_>100', 'enc_totalcharges_group_0-2k', 'enc_totalcharges_group_2k-4k', 'enc_tenure_months_1-6']",8.0,,
39,39,decision tree,"['enc_monthlycharges_group_51-75', 'enc_monthlycharges_group_76-100', 'enc_monthlycharges_group_>100', 'enc_totalcharges_group_0-2k', 'enc_totalcharges_group_2k-4k', 'enc_tenure_months_1-6']",9.0,,
40,40,decision tree,"['enc_monthlycharges_group_51-75', 'enc_monthlycharges_group_76-100', 'enc_monthlycharges_group_>100', 'enc_totalcharges_group_0-2k', 'enc_totalcharges_group_2k-4k', 'enc_tenure_months_1-6']",10.0,,
41,41,decision tree,"['enc_monthlycharges_group_51-75', 'enc_monthlycharges_group_76-100', 'enc_monthlycharges_group_>100', 'enc_totalcharges_group_0-2k', 'enc_tenure_months_1-6', 'enc_tenure_months_13-18', 'enc_tenure_months_7-12']",3.0,,
42,42,decision tree,"['enc_monthlycharges_group_51-75', 'enc_monthlycharges_group_76-100', 'enc_monthlycharges_group_>100', 'enc_totalcharges_group_0-2k', 'enc_totalcharges_group_2k-4k', 'enc_totalcharges_group_>6k', 'enc_tenure_months_1-6']",4.0,,
43,43,decision tree,"['enc_monthlycharges_group_51-75', 'enc_monthlycharges_group_76-100', 'enc_monthlycharges_group_>100', 'enc_totalcharges_group_0-2k', 'enc_totalcharges_group_2k-4k', 'enc_totalcharges_group_>6k', 'enc_tenure_months_1-6']",5.0,,
44,44,decision tree,"['enc_monthlycharges_group_51-75', 'enc_monthlycharges_group_76-100', 'enc_monthlycharges_group_>100', 'enc_totalcharges_group_0-2k', 'enc_totalcharges_group_2k-4k', 'enc_totalcharges_group_>6k', 'enc_tenure_months_1-6']",6.0,,
45,45,decision tree,"['enc_monthlycharges_group_51-75', 'enc_monthlycharges_group_76-100', 'enc_monthlycharges_group_>100', 'enc_totalcharges_group_0-2k', 'enc_totalcharges_group_2k-4k', 'enc_totalcharges_group_>6k', 'enc_tenure_months_1-6']",7.0,,
46,46,decision tree,"['enc_monthlycharges_group_51-75', 'enc_monthlycharges_group_76-100', 'enc_monthlycharges_group_>100', 'enc_totalcharges_group_0-2k', 'enc_totalcharges_group_2k-4k', 'enc_totalcharges_group_>6k', 'enc_tenure_months_1-6']",8.0,,
47,47,decision tree,"['enc_monthlycharges_group_51-75', 'enc_monthlycharges_group_76-100', 'enc_monthlycharges_group_>100', 'enc_totalcharges_group_0-2k', 'enc_totalcharges_group_2k-4k', 'enc_totalcharges_group_>6k', 'enc_tenure_months_1-6']",9.0,,
48,48,decision tree,"['enc_monthlycharges_group_51-75', 'enc_monthlycharges_group_76-100', 'enc_monthlycharges_group_>100', 'enc_totalcharges_group_0-2k', 'enc_totalcharges_group_2k-4k', 'enc_totalcharges_group_>6k', 'enc_tenure_months_1-6']",10.0,,
49,49,decision tree,"['enc_monthlycharges_group_51-75', 'enc_monthlycharges_group_76-100', 'enc_monthlycharges_group_>100', 'enc_totalcharges_group_0-2k', 'enc_totalcharges_group_>6k', 'enc_tenure_months_1-6', 'enc_tenure_months_13-18', 'enc_tenure_months_7-12']",3.0,,
50,50,decision tree,"['enc_monthlycharges_group_51-75', 'enc_monthlycharges_group_76-100', 'enc_monthlycharges_group_>100', 'enc_totalcharges_group_0-2k', 'enc_totalcharges_group_2k-4k', 'enc_totalcharges_group_>6k', 'enc_tenure_months_1-6', 'enc_tenure_months_7-12']",4.0,,
51,51,decision tree,"['enc_monthlycharges_group_26-50', 'enc_monthlycharges_group_51-75', 'enc_monthlycharges_group_76-100', 'enc_monthlycharges_group_>100', 'enc_totalcharges_group_0-2k', 'enc_totalcharges_group_2k-4k', 'enc_totalcharges_group_>6k', 'enc_tenure_months_1-6']",5.0,,
52,52,decision tree,"['enc_monthlycharges_group_26-50', 'enc_monthlycharges_group_51-75', 'enc_monthlycharges_group_76-100', 'enc_monthlycharges_group_>100', 'enc_totalcharges_group_0-2k', 'enc_totalcharges_group_2k-4k', 'enc_totalcharges_group_>6k', 'enc_tenure_months_1-6']",6.0,,
53,53,decision tree,"['enc_monthlycharges_group_26-50', 'enc_monthlycharges_group_51-75', 'enc_monthlycharges_group_76-100', 'enc_monthlycharges_group_>100', 'enc_totalcharges_group_0-2k', 'enc_totalcharges_group_2k-4k', 'enc_totalcharges_group_>6k', 'enc_tenure_months_1-6']",7.0,,
54,54,decision tree,"['enc_monthlycharges_group_26-50', 'enc_monthlycharges_group_51-75', 'enc_monthlycharges_group_76-100', 'enc_monthlycharges_group_>100', 'enc_totalcharges_group_0-2k', 'enc_totalcharges_group_2k-4k', 'enc_totalcharges_group_>6k', 'enc_tenure_months_1-6']",8.0,,
55,55,decision tree,"['enc_monthlycharges_group_26-50', 'enc_monthlycharges_group_51-75', 'enc_monthlycharges_group_76-100', 'enc_monthlycharges_group_>100', 'enc_totalcharges_group_0-2k', 'enc_totalcharges_group_2k-4k', 'enc_totalcharges_group_>6k', 'enc_tenure_months_1-6']",9.0,,
56,56,decision tree,"['enc_monthlycharges_group_26-50', 'enc_monthlycharges_group_51-75', 'enc_monthlycharges_group_76-100', 'enc_monthlycharges_group_>100', 'enc_totalcharges_group_0-2k', 'enc_totalcharges_group_2k-4k', 'enc_totalcharges_group_>6k', 'enc_tenure_months_1-6']",10.0,,
57,57,decision tree,"['enc_monthlycharges_group_51-75', 'enc_monthlycharges_group_76-100', 'enc_monthlycharges_group_>100', 'enc_totalcharges_group_0-2k', 'enc_totalcharges_group_2k-4k', 'enc_totalcharges_group_>6k', 'enc_tenure_months_1-6', 'enc_tenure_months_13-18', 'enc_tenure_months_7-12']",3.0,,
58,58,decision tree,"['enc_monthlycharges_group_51-75', 'enc_monthlycharges_group_76-100', 'enc_monthlycharges_group_>100', 'enc_totalcharges_group_0-2k', 'enc_totalcharges_group_2k-4k', 'enc_totalcharges_group_>6k', 'enc_tenure_months_1-6', 'enc_tenure_months_13-18', 'enc_tenure_months_7-12']",4.0,,
59,59,decision tree,"['enc_monthlycharges_group_26-50', 'enc_monthlycharges_group_51-75', 'enc_monthlycharges_group_76-100', 'enc_monthlycharges_group_>100', 'enc_totalcharges_group_0-2k', 'enc_totalcharges_group_2k-4k', 'enc_totalcharges_group_>6k', 'enc_tenure_months_1-6', 'enc_tenure_months_13-18']",5.0,,
60,60,decision tree,"['enc_monthlycharges_group_26-50', 'enc_monthlycharges_group_51-75', 'enc_monthlycharges_group_76-100', 'enc_monthlycharges_group_>100', 'enc_totalcharges_group_0-2k', 'enc_totalcharges_group_2k-4k', 'enc_totalcharges_group_>6k', 'enc_tenure_months_1-6', 'enc_tenure_months_7-12']",6.0,,
61,61,decision tree,"['enc_monthlycharges_group_26-50', 'enc_monthlycharges_group_51-75', 'enc_monthlycharges_group_76-100', 'enc_monthlycharges_group_>100', 'enc_totalcharges_group_0-2k', 'enc_totalcharges_group_2k-4k', 'enc_totalcharges_group_>6k', 'enc_tenure_months_1-6', 'enc_tenure_months_7-12']",7.0,,
62,62,decision tree,"['enc_monthlycharges_group_26-50', 'enc_monthlycharges_group_51-75', 'enc_monthlycharges_group_76-100', 'enc_monthlycharges_group_>100', 'enc_totalcharges_group_0-2k', 'enc_totalcharges_group_2k-4k', 'enc_totalcharges_group_>6k', 'enc_tenure_months_1-6', 'enc_tenure_months_7-12']",8.0,,
63,63,decision tree,"['enc_monthlycharges_group_26-50', 'enc_monthlycharges_group_51-75', 'enc_monthlycharges_group_76-100', 'enc_monthlycharges_group_>100', 'enc_totalcharges_group_0-2k', 'enc_totalcharges_group_2k-4k', 'enc_totalcharges_group_>6k', 'enc_tenure_months_1-6', 'enc_tenure_months_7-12']",9.0,,
64,64,decision tree,"['enc_monthlycharges_group_26-50', 'enc_monthlycharges_group_51-75', 'enc_monthlycharges_group_76-100', 'enc_monthlycharges_group_>100', 'enc_totalcharges_group_0-2k', 'enc_totalcharges_group_2k-4k', 'enc_totalcharges_group_>6k', 'enc_tenure_months_1-6', 'enc_tenure_months_7-12']",10.0,,
65,65,decision tree,"['enc_monthlycharges_group_26-50', 'enc_monthlycharges_group_51-75', 'enc_monthlycharges_group_76-100', 'enc_monthlycharges_group_>100', 'enc_totalcharges_group_0-2k', 'enc_totalcharges_group_2k-4k', 'enc_totalcharges_group_>6k', 'enc_tenure_months_1-6', 'enc_tenure_months_13-18', 'enc_tenure_months_7-12']",3.0,,
66,66,decision tree,"['enc_monthlycharges_group_26-50', 'enc_monthlycharges_group_51-75', 'enc_monthlycharges_group_76-100', 'enc_monthlycharges_group_>100', 'enc_totalcharges_group_0-2k', 'enc_totalcharges_group_2k-4k', 'enc_totalcharges_group_>6k', 'enc_tenure_months_1-6', 'enc_tenure_months_13-18', 'enc_tenure_months_7-12']",4.0,,
67,67,decision tree,"['enc_monthlycharges_group_26-50', 'enc_monthlycharges_group_51-75', 'enc_monthlycharges_group_76-100', 'enc_monthlycharges_group_>100', 'enc_totalcharges_group_0-2k', 'enc_totalcharges_group_2k-4k', 'enc_totalcharges_group_>6k', 'enc_tenure_months_1-6', 'enc_tenure_months_13-18', 'enc_tenure_months_7-12']",5.0,,
68,68,decision tree,"['enc_monthlycharges_group_26-50', 'enc_monthlycharges_group_51-75', 'enc_monthlycharges_group_76-100', 'enc_monthlycharges_group_>100', 'enc_totalcharges_group_0-2k', 'enc_totalcharges_group_2k-4k', 'enc_totalcharges_group_>6k', 'enc_tenure_months_1-6', 'enc_tenure_months_13-18', 'enc_tenure_months_7-12']",6.0,,
69,69,decision tree,"['enc_monthlycharges_group_26-50', 'enc_monthlycharges_group_51-75', 'enc_monthlycharges_group_76-100', 'enc_monthlycharges_group_>100', 'enc_totalcharges_group_0-2k', 'enc_totalcharges_group_2k-4k', 'enc_totalcharges_group_>6k', 'enc_tenure_months_1-6', 'enc_tenure_months_13-18', 'enc_tenure_months_7-12']",7.0,,
70,70,decision tree,"['enc_monthlycharges_group_26-50', 'enc_monthlycharges_group_51-75', 'enc_monthlycharges_group_76-100', 'enc_monthlycharges_group_>100', 'enc_totalcharges_group_0-2k', 'enc_totalcharges_group_2k-4k', 'enc_totalcharges_group_>6k', 'enc_tenure_months_1-6', 'enc_tenure_months_13-18', 'enc_tenure_months_7-12']",8.0,,
71,71,decision tree,"['enc_monthlycharges_group_26-50', 'enc_monthlycharges_group_51-75', 'enc_monthlycharges_group_76-100', 'enc_monthlycharges_group_>100', 'enc_totalcharges_group_0-2k', 'enc_totalcharges_group_2k-4k', 'enc_totalcharges_group_>6k', 'enc_tenure_months_1-6', 'enc_tenure_months_13-18', 'enc_tenure_months_7-12']",9.0,,
72,72,decision tree,"['enc_monthlycharges_group_26-50', 'enc_monthlycharges_group_51-75', 'enc_monthlycharges_group_76-100', 'enc_monthlycharges_group_>100', 'enc_totalcharges_group_0-2k', 'enc_totalcharges_group_2k-4k', 'enc_totalcharges_group_>6k', 'enc_tenure_months_1-6', 'enc_tenure_months_13-18', 'enc_tenure_months_7-12']",10.0,,
73,73,decision tree,"['enc_monthlycharges_group_26-50', 'enc_monthlycharges_group_51-75', 'enc_monthlycharges_group_76-100', 'enc_monthlycharges_group_>100', 'enc_totalcharges_group_0-2k', 'enc_totalcharges_group_2k-4k', 'enc_totalcharges_group_>6k', 'enc_tenure_months_1-6', 'enc_tenure_months_13-18', 'enc_tenure_months_7-12']",3.0,,
74,74,decision tree,"['enc_monthlycharges_group_26-50', 'enc_monthlycharges_group_51-75', 'enc_monthlycharges_group_76-100', 'enc_monthlycharges_group_>100', 'enc_totalcharges_group_0-2k', 'enc_totalcharges_group_2k-4k', 'enc_totalcharges_group_>6k', 'enc_tenure_months_1-6', 'enc_tenure_months_13-18', 'enc_tenure_months_7-12']",4.0,,
75,75,decision tree,"['enc_monthlycharges_group_26-50', 'enc_monthlycharges_group_51-75', 'enc_monthlycharges_group_76-100', 'enc_monthlycharges_group_>100', 'enc_totalcharges_group_0-2k', 'enc_totalcharges_group_2k-4k', 'enc_totalcharges_group_>6k', 'enc_tenure_months_1-6', 'enc_tenure_months_13-18', 'enc_tenure_months_7-12']",5.0,,
76,76,decision tree,"['enc_monthlycharges_group_26-50', 'enc_monthlycharges_group_51-75', 'enc_monthlycharges_group_76-100', 'enc_monthlycharges_group_>100', 'enc_totalcharges_group_0-2k', 'enc_totalcharges_group_2k-4k', 'enc_totalcharges_group_>6k', 'enc_tenure_months_1-6', 'enc_tenure_months_13-18', 'enc_tenure_months_7-12']",6.0,,
77,77,decision tree,"['enc_monthlycharges_group_26-50', 'enc_monthlycharges_group_51-75', 'enc_monthlycharges_group_76-100', 'enc_monthlycharges_group_>100', 'enc_totalcharges_group_0-2k', 'enc_totalcharges_group_2k-4k', 'enc_totalcharges_group_>6k', 'enc_tenure_months_1-6', 'enc_tenure_months_13-18', 'enc_tenure_months_7-12']",7.0,,
78,78,decision tree,"['enc_monthlycharges_group_26-50', 'enc_monthlycharges_group_51-75', 'enc_monthlycharges_group_76-100', 'enc_monthlycharges_group_>100', 'enc_totalcharges_group_0-2k', 'enc_totalcharges_group_2k-4k', 'enc_totalcharges_group_>6k', 'enc_tenure_months_1-6', 'enc_tenure_months_13-18', 'enc_tenure_months_7-12']",8.0,,
79,79,decision tree,"['enc_monthlycharges_group_26-50', 'enc_monthlycharges_group_51-75', 'enc_monthlycharges_group_76-100', 'enc_monthlycharges_group_>100', 'enc_totalcharges_group_0-2k', 'enc_totalcharges_group_2k-4k', 'enc_totalcharges_group_>6k', 'enc_tenure_months_1-6', 'enc_tenure_months_13-18', 'enc_tenure_months_7-12']",9.0,,
80,80,decision tree,"['enc_monthlycharges_group_26-50', 'enc_monthlycharges_group_51-75', 'enc_monthlycharges_group_76-100', 'enc_monthlycharges_group_>100', 'enc_totalcharges_group_0-2k', 'enc_totalcharges_group_2k-4k', 'enc_totalcharges_group_>6k', 'enc_tenure_months_1-6', 'enc_tenure_months_13-18', 'enc_tenure_months_7-12']",10.0,,
81,81,decision tree,"['enc_monthlycharges_group_26-50', 'enc_monthlycharges_group_51-75', 'enc_monthlycharges_group_76-100', 'enc_monthlycharges_group_>100', 'enc_totalcharges_group_0-2k', 'enc_totalcharges_group_2k-4k', 'enc_totalcharges_group_>6k', 'enc_tenure_months_1-6', 'enc_tenure_months_13-18', 'enc_tenure_months_7-12']",3.0,,
82,82,decision tree,"['enc_monthlycharges_group_26-50', 'enc_monthlycharges_group_51-75', 'enc_monthlycharges_group_76-100', 'enc_monthlycharges_group_>100', 'enc_totalcharges_group_0-2k', 'enc_totalcharges_group_2k-4k', 'enc_totalcharges_group_>6k', 'enc_tenure_months_1-6', 'enc_tenure_months_13-18', 'enc_tenure_months_7-12']",4.0,,
83,83,decision tree,"['enc_monthlycharges_group_26-50', 'enc_monthlycharges_group_51-75', 'enc_monthlycharges_group_76-100', 'enc_monthlycharges_group_>100', 'enc_totalcharges_group_0-2k', 'enc_totalcharges_group_2k-4k', 'enc_totalcharges_group_>6k', 'enc_tenure_months_1-6', 'enc_tenure_months_13-18', 'enc_tenure_months_7-12']",5.0,,
84,84,decision tree,"['enc_monthlycharges_group_26-50', 'enc_monthlycharges_group_51-75', 'enc_monthlycharges_group_76-100', 'enc_monthlycharges_group_>100', 'enc_totalcharges_group_0-2k', 'enc_totalcharges_group_2k-4k', 'enc_totalcharges_group_>6k', 'enc_tenure_months_1-6', 'enc_tenure_months_13-18', 'enc_tenure_months_7-12']",6.0,,
85,85,decision tree,"['enc_monthlycharges_group_26-50', 'enc_monthlycharges_group_51-75', 'enc_monthlycharges_group_76-100', 'enc_monthlycharges_group_>100', 'enc_totalcharges_group_0-2k', 'enc_totalcharges_group_2k-4k', 'enc_totalcharges_group_>6k', 'enc_tenure_months_1-6', 'enc_tenure_months_13-18', 'enc_tenure_months_7-12']",7.0,,
86,86,decision tree,"['enc_monthlycharges_group_26-50', 'enc_monthlycharges_group_51-75', 'enc_monthlycharges_group_76-100', 'enc_monthlycharges_group_>100', 'enc_totalcharges_group_0-2k', 'enc_totalcharges_group_2k-4k', 'enc_totalcharges_group_>6k', 'enc_tenure_months_1-6', 'enc_tenure_months_13-18', 'enc_tenure_months_7-12']",8.0,,
87,87,decision tree,"['enc_monthlycharges_group_26-50', 'enc_monthlycharges_group_51-75', 'enc_monthlycharges_group_76-100', 'enc_monthlycharges_group_>100', 'enc_totalcharges_group_0-2k', 'enc_totalcharges_group_2k-4k', 'enc_totalcharges_group_>6k', 'enc_tenure_months_1-6', 'enc_tenure_months_13-18', 'enc_tenure_months_7-12']",9.0,,
88,88,decision tree,"['enc_monthlycharges_group_26-50', 'enc_monthlycharges_group_51-75', 'enc_monthlycharges_group_76-100', 'enc_monthlycharges_group_>100', 'enc_totalcharges_group_0-2k', 'enc_totalcharges_group_2k-4k', 'enc_totalcharges_group_>6k', 'enc_tenure_months_1-6', 'enc_tenure_months_13-18', 'enc_tenure_months_7-12']",10.0,,
89,89,random forest,"['enc_monthlycharges_group_76-100', 'enc_tenure_months_1-6']",2.0,2.0,
90,90,random forest,"['enc_monthlycharges_group_76-100', 'enc_tenure_months_1-6']",3.0,2.0,
91,91,random forest,"['enc_monthlycharges_group_76-100', 'enc_tenure_months_1-6']",4.0,2.0,
92,92,random forest,"['enc_monthlycharges_group_76-100', 'enc_tenure_months_1-6']",5.0,2.0,
93,93,random forest,"['enc_monthlycharges_group_76-100', 'enc_tenure_months_1-6']",6.0,2.0,
94,94,random forest,"['enc_monthlycharges_group_76-100', 'enc_tenure_months_1-6']",7.0,2.0,
95,95,random forest,"['enc_monthlycharges_group_76-100', 'enc_tenure_months_1-6']",8.0,2.0,
96,96,random forest,"['enc_monthlycharges_group_76-100', 'enc_tenure_months_1-6']",9.0,2.0,
97,97,random forest,"['enc_monthlycharges_group_76-100', 'enc_tenure_months_1-6']",10.0,2.0,
98,98,random forest,"['enc_monthlycharges_group_76-100', 'enc_totalcharges_group_0-2k', 'enc_tenure_months_1-6']",2.0,2.0,
99,99,random forest,"['enc_monthlycharges_group_76-100', 'enc_totalcharges_group_0-2k', 'enc_tenure_months_1-6']",3.0,2.0,
100,100,random forest,"['enc_monthlycharges_group_76-100', 'enc_totalcharges_group_0-2k', 'enc_tenure_months_1-6']",4.0,2.0,
101,101,random forest,"['enc_monthlycharges_group_76-100', 'enc_totalcharges_group_0-2k', 'enc_tenure_months_1-6']",5.0,2.0,
102,102,random forest,"['enc_monthlycharges_group_76-100', 'enc_totalcharges_group_0-2k', 'enc_tenure_months_1-6']",6.0,2.0,
103,103,random forest,"['enc_monthlycharges_group_76-100', 'enc_totalcharges_group_0-2k', 'enc_tenure_months_1-6']",7.0,2.0,
104,104,random forest,"['enc_monthlycharges_group_76-100', 'enc_totalcharges_group_0-2k', 'enc_tenure_months_1-6']",8.0,2.0,
105,105,random forest,"['enc_monthlycharges_group_76-100', 'enc_totalcharges_group_0-2k', 'enc_tenure_months_1-6']",9.0,2.0,
106,106,random forest,"['enc_monthlycharges_group_76-100', 'enc_totalcharges_group_0-2k', 'enc_tenure_months_1-6']",10.0,2.0,
107,107,random forest,"['enc_monthlycharges_group_76-100', 'enc_monthlycharges_group_>100', 'enc_totalcharges_group_0-2k', 'enc_tenure_months_1-6']",2.0,2.0,
108,108,random forest,"['enc_monthlycharges_group_76-100', 'enc_monthlycharges_group_>100', 'enc_totalcharges_group_0-2k', 'enc_tenure_months_1-6']",3.0,2.0,
109,109,random forest,"['enc_monthlycharges_group_76-100', 'enc_monthlycharges_group_>100', 'enc_totalcharges_group_0-2k', 'enc_tenure_months_1-6']",4.0,2.0,
110,110,random forest,"['enc_monthlycharges_group_76-100', 'enc_monthlycharges_group_>100', 'enc_totalcharges_group_0-2k', 'enc_tenure_months_1-6']",5.0,2.0,
111,111,random forest,"['enc_monthlycharges_group_76-100', 'enc_monthlycharges_group_>100', 'enc_totalcharges_group_0-2k', 'enc_tenure_months_1-6']",6.0,2.0,
112,112,random forest,"['enc_monthlycharges_group_76-100', 'enc_monthlycharges_group_>100', 'enc_totalcharges_group_0-2k', 'enc_tenure_months_1-6']",7.0,2.0,
113,113,random forest,"['enc_monthlycharges_group_76-100', 'enc_monthlycharges_group_>100', 'enc_totalcharges_group_0-2k', 'enc_tenure_months_1-6']",8.0,2.0,
114,114,random forest,"['enc_monthlycharges_group_76-100', 'enc_monthlycharges_group_>100', 'enc_totalcharges_group_0-2k', 'enc_tenure_months_1-6']",9.0,2.0,
115,115,random forest,"['enc_monthlycharges_group_76-100', 'enc_monthlycharges_group_>100', 'enc_totalcharges_group_0-2k', 'enc_tenure_months_1-6']",10.0,2.0,
116,116,random forest,"['enc_monthlycharges_group_76-100', 'enc_monthlycharges_group_>100', 'enc_totalcharges_group_0-2k', 'enc_totalcharges_group_>6k', 'enc_tenure_months_1-6']",2.0,2.0,
117,117,random forest,"['enc_monthlycharges_group_76-100', 'enc_monthlycharges_group_>100', 'enc_totalcharges_group_0-2k', 'enc_totalcharges_group_>6k', 'enc_tenure_months_1-6']",3.0,2.0,
118,118,random forest,"['enc_monthlycharges_group_76-100', 'enc_monthlycharges_group_>100', 'enc_totalcharges_group_0-2k', 'enc_totalcharges_group_>6k', 'enc_tenure_months_1-6']",4.0,2.0,
119,119,random forest,"['enc_monthlycharges_group_51-75', 'enc_monthlycharges_group_76-100', 'enc_monthlycharges_group_>100', 'enc_totalcharges_group_0-2k', 'enc_tenure_months_1-6']",5.0,2.0,
120,120,random forest,"['enc_monthlycharges_group_51-75', 'enc_monthlycharges_group_76-100', 'enc_monthlycharges_group_>100', 'enc_totalcharges_group_0-2k', 'enc_tenure_months_1-6']",6.0,2.0,
121,121,random forest,"['enc_monthlycharges_group_51-75', 'enc_monthlycharges_group_76-100', 'enc_monthlycharges_group_>100', 'enc_totalcharges_group_0-2k', 'enc_tenure_months_1-6']",7.0,2.0,
122,122,random forest,"['enc_monthlycharges_group_51-75', 'enc_monthlycharges_group_76-100', 'enc_monthlycharges_group_>100', 'enc_totalcharges_group_0-2k', 'enc_tenure_months_1-6']",8.0,2.0,
123,123,random forest,"['enc_monthlycharges_group_51-75', 'enc_monthlycharges_group_76-100', 'enc_monthlycharges_group_>100', 'enc_totalcharges_group_0-2k', 'enc_tenure_months_1-6']",9.0,2.0,
124,124,random forest,"['enc_monthlycharges_group_51-75', 'enc_monthlycharges_group_76-100', 'enc_monthlycharges_group_>100', 'enc_totalcharges_group_0-2k', 'enc_tenure_months_1-6']",10.0,2.0,
125,125,random forest,"['enc_monthlycharges_group_76-100', 'enc_monthlycharges_group_>100', 'enc_totalcharges_group_0-2k', 'enc_totalcharges_group_>6k', 'enc_tenure_months_1-6', 'enc_tenure_months_7-12']",2.0,2.0,
126,126,random forest,"['enc_monthlycharges_group_76-100', 'enc_monthlycharges_group_>100', 'enc_totalcharges_group_0-2k', 'enc_totalcharges_group_>6k', 'enc_tenure_months_1-6', 'enc_tenure_months_7-12']",3.0,2.0,
127,127,random forest,"['enc_monthlycharges_group_51-75', 'enc_monthlycharges_group_76-100', 'enc_monthlycharges_group_>100', 'enc_totalcharges_group_0-2k', 'enc_totalcharges_group_>6k', 'enc_tenure_months_1-6']",4.0,2.0,
128,128,random forest,"['enc_monthlycharges_group_51-75', 'enc_monthlycharges_group_76-100', 'enc_monthlycharges_group_>100', 'enc_totalcharges_group_0-2k', 'enc_totalcharges_group_>6k', 'enc_tenure_months_1-6']",5.0,2.0,
129,129,random forest,"['enc_monthlycharges_group_51-75', 'enc_monthlycharges_group_76-100', 'enc_monthlycharges_group_>100', 'enc_totalcharges_group_0-2k', 'enc_totalcharges_group_>6k', 'enc_tenure_months_1-6']",6.0,2.0,
130,130,random forest,"['enc_monthlycharges_group_51-75', 'enc_monthlycharges_group_76-100', 'enc_monthlycharges_group_>100', 'enc_totalcharges_group_0-2k', 'enc_totalcharges_group_>6k', 'enc_tenure_months_1-6']",7.0,2.0,
131,131,random forest,"['enc_monthlycharges_group_51-75', 'enc_monthlycharges_group_76-100', 'enc_monthlycharges_group_>100', 'enc_totalcharges_group_0-2k', 'enc_totalcharges_group_>6k', 'enc_tenure_months_1-6']",8.0,2.0,
132,132,random forest,"['enc_monthlycharges_group_51-75', 'enc_monthlycharges_group_76-100', 'enc_monthlycharges_group_>100', 'enc_totalcharges_group_0-2k', 'enc_totalcharges_group_>6k', 'enc_tenure_months_1-6']",9.0,2.0,
133,133,random forest,"['enc_monthlycharges_group_51-75', 'enc_monthlycharges_group_76-100', 'enc_monthlycharges_group_>100', 'enc_totalcharges_group_0-2k', 'enc_totalcharges_group_>6k', 'enc_tenure_months_1-6']",10.0,2.0,
134,134,random forest,"['enc_monthlycharges_group_51-75', 'enc_monthlycharges_group_76-100', 'enc_monthlycharges_group_>100', 'enc_totalcharges_group_0-2k', 'enc_totalcharges_group_>6k', 'enc_tenure_months_1-6', 'enc_tenure_months_7-12']",2.0,2.0,
135,135,random forest,"['enc_monthlycharges_group_51-75', 'enc_monthlycharges_group_76-100', 'enc_monthlycharges_group_>100', 'enc_totalcharges_group_0-2k', 'enc_totalcharges_group_>6k', 'enc_tenure_months_1-6', 'enc_tenure_months_7-12']",3.0,2.0,
136,136,random forest,"['enc_monthlycharges_group_51-75', 'enc_monthlycharges_group_76-100', 'enc_monthlycharges_group_>100', 'enc_totalcharges_group_0-2k', 'enc_totalcharges_group_>6k', 'enc_tenure_months_1-6', 'enc_tenure_months_7-12']",4.0,2.0,
137,137,random forest,"['enc_monthlycharges_group_51-75', 'enc_monthlycharges_group_76-100', 'enc_monthlycharges_group_>100', 'enc_totalcharges_group_0-2k', 'enc_totalcharges_group_>6k', 'enc_tenure_months_1-6', 'enc_tenure_months_7-12']",5.0,2.0,
138,138,random forest,"['enc_monthlycharges_group_51-75', 'enc_monthlycharges_group_76-100', 'enc_monthlycharges_group_>100', 'enc_totalcharges_group_0-2k', 'enc_totalcharges_group_>6k', 'enc_tenure_months_1-6', 'enc_tenure_months_7-12']",6.0,2.0,
139,139,random forest,"['enc_monthlycharges_group_51-75', 'enc_monthlycharges_group_76-100', 'enc_monthlycharges_group_>100', 'enc_totalcharges_group_0-2k', 'enc_totalcharges_group_>6k', 'enc_tenure_months_1-6', 'enc_tenure_months_7-12']",7.0,2.0,
140,140,random forest,"['enc_monthlycharges_group_51-75', 'enc_monthlycharges_group_76-100', 'enc_monthlycharges_group_>100', 'enc_totalcharges_group_0-2k', 'enc_totalcharges_group_>6k', 'enc_tenure_months_1-6', 'enc_tenure_months_7-12']",8.0,2.0,
141,141,random forest,"['enc_monthlycharges_group_51-75', 'enc_monthlycharges_group_76-100', 'enc_monthlycharges_group_>100', 'enc_totalcharges_group_0-2k', 'enc_totalcharges_group_>6k', 'enc_tenure_months_1-6', 'enc_tenure_months_7-12']",9.0,2.0,
142,142,random forest,"['enc_monthlycharges_group_51-75', 'enc_monthlycharges_group_76-100', 'enc_monthlycharges_group_>100', 'enc_totalcharges_group_0-2k', 'enc_totalcharges_group_>6k', 'enc_tenure_months_1-6', 'enc_tenure_months_7-12']",10.0,2.0,
143,143,random forest,"['enc_monthlycharges_group_51-75', 'enc_monthlycharges_group_76-100', 'enc_monthlycharges_group_>100', 'enc_totalcharges_group_0-2k', 'enc_totalcharges_group_>6k', 'enc_tenure_months_1-6', 'enc_tenure_months_13-18', 'enc_tenure_months_7-12']",2.0,2.0,
144,144,random forest,"['enc_monthlycharges_group_51-75', 'enc_monthlycharges_group_76-100', 'enc_monthlycharges_group_>100', 'enc_totalcharges_group_0-2k', 'enc_totalcharges_group_>6k', 'enc_tenure_months_1-6', 'enc_tenure_months_13-18', 'enc_tenure_months_7-12']",3.0,2.0,
145,145,random forest,"['enc_monthlycharges_group_51-75', 'enc_monthlycharges_group_76-100', 'enc_monthlycharges_group_>100', 'enc_totalcharges_group_0-2k', 'enc_totalcharges_group_>6k', 'enc_tenure_months_1-6', 'enc_tenure_months_13-18', 'enc_tenure_months_7-12']",4.0,2.0,
146,146,random forest,"['enc_monthlycharges_group_51-75', 'enc_monthlycharges_group_76-100', 'enc_monthlycharges_group_>100', 'enc_totalcharges_group_0-2k', 'enc_totalcharges_group_2k-4k', 'enc_totalcharges_group_>6k', 'enc_tenure_months_1-6', 'enc_tenure_months_7-12']",5.0,2.0,
147,147,random forest,"['enc_monthlycharges_group_51-75', 'enc_monthlycharges_group_76-100', 'enc_monthlycharges_group_>100', 'enc_totalcharges_group_0-2k', 'enc_totalcharges_group_2k-4k', 'enc_totalcharges_group_>6k', 'enc_tenure_months_1-6', 'enc_tenure_months_7-12']",6.0,2.0,
148,148,random forest,"['enc_monthlycharges_group_51-75', 'enc_monthlycharges_group_76-100', 'enc_monthlycharges_group_>100', 'enc_totalcharges_group_0-2k', 'enc_totalcharges_group_2k-4k', 'enc_totalcharges_group_>6k', 'enc_tenure_months_1-6', 'enc_tenure_months_7-12']",7.0,2.0,
149,149,random forest,"['enc_monthlycharges_group_51-75', 'enc_monthlycharges_group_76-100', 'enc_monthlycharges_group_>100', 'enc_totalcharges_group_0-2k', 'enc_totalcharges_group_2k-4k', 'enc_totalcharges_group_>6k', 'enc_tenure_months_1-6', 'enc_tenure_months_7-12']",8.0,2.0,
150,150,random forest,"['enc_monthlycharges_group_51-75', 'enc_monthlycharges_group_76-100', 'enc_monthlycharges_group_>100', 'enc_totalcharges_group_0-2k', 'enc_totalcharges_group_2k-4k', 'enc_totalcharges_group_>6k', 'enc_tenure_months_1-6', 'enc_tenure_months_7-12']",9.0,2.0,
151,151,random forest,"['enc_monthlycharges_group_51-75', 'enc_monthlycharges_group_76-100', 'enc_monthlycharges_group_>100', 'enc_totalcharges_group_0-2k', 'enc_totalcharges_group_2k-4k', 'enc_totalcharges_group_>6k', 'enc_tenure_months_1-6', 'enc_tenure_months_7-12']",10.0,2.0,
152,152,random forest,"['enc_monthlycharges_group_51-75', 'enc_monthlycharges_group_76-100', 'enc_monthlycharges_group_>100', 'enc_totalcharges_group_0-2k', 'enc_totalcharges_group_2k-4k', 'enc_totalcharges_group_>6k', 'enc_tenure_months_1-6', 'enc_tenure_months_13-18', 'enc_tenure_months_7-12']",2.0,2.0,
153,153,random forest,"['enc_monthlycharges_group_51-75', 'enc_monthlycharges_group_76-100', 'enc_monthlycharges_group_>100', 'enc_totalcharges_group_0-2k', 'enc_totalcharges_group_2k-4k', 'enc_totalcharges_group_>6k', 'enc_tenure_months_1-6', 'enc_tenure_months_13-18', 'enc_tenure_months_7-12']",3.0,2.0,
154,154,random forest,"['enc_monthlycharges_group_51-75', 'enc_monthlycharges_group_76-100', 'enc_monthlycharges_group_>100', 'enc_totalcharges_group_0-2k', 'enc_totalcharges_group_2k-4k', 'enc_totalcharges_group_>6k', 'enc_tenure_months_1-6', 'enc_tenure_months_13-18', 'enc_tenure_months_7-12']",4.0,2.0,
155,155,random forest,"['enc_monthlycharges_group_51-75', 'enc_monthlycharges_group_76-100', 'enc_monthlycharges_group_>100', 'enc_totalcharges_group_0-2k', 'enc_totalcharges_group_2k-4k', 'enc_totalcharges_group_>6k', 'enc_tenure_months_1-6', 'enc_tenure_months_13-18', 'enc_tenure_months_7-12']",5.0,2.0,
156,156,random forest,"['enc_monthlycharges_group_26-50', 'enc_monthlycharges_group_51-75', 'enc_monthlycharges_group_76-100', 'enc_monthlycharges_group_>100', 'enc_totalcharges_group_0-2k', 'enc_totalcharges_group_2k-4k', 'enc_totalcharges_group_>6k', 'enc_tenure_months_1-6', 'enc_tenure_months_7-12']",6.0,2.0,
157,157,random forest,"['enc_monthlycharges_group_51-75', 'enc_monthlycharges_group_76-100', 'enc_monthlycharges_group_>100', 'enc_totalcharges_group_0-2k', 'enc_totalcharges_group_2k-4k', 'enc_totalcharges_group_>6k', 'enc_tenure_months_1-6', 'enc_tenure_months_13-18', 'enc_tenure_months_7-12']",7.0,2.0,
158,158,random forest,"['enc_monthlycharges_group_26-50', 'enc_monthlycharges_group_51-75', 'enc_monthlycharges_group_76-100', 'enc_monthlycharges_group_>100', 'enc_totalcharges_group_0-2k', 'enc_totalcharges_group_2k-4k', 'enc_totalcharges_group_>6k', 'enc_tenure_months_1-6', 'enc_tenure_months_7-12']",8.0,2.0,
159,159,random forest,"['enc_monthlycharges_group_51-75', 'enc_monthlycharges_group_76-100', 'enc_monthlycharges_group_>100', 'enc_totalcharges_group_0-2k', 'enc_totalcharges_group_2k-4k', 'enc_totalcharges_group_>6k', 'enc_tenure_months_1-6', 'enc_tenure_months_13-18', 'enc_tenure_months_7-12']",9.0,2.0,
160,160,random forest,"['enc_monthlycharges_group_51-75', 'enc_monthlycharges_group_76-100', 'enc_monthlycharges_group_>100', 'enc_totalcharges_group_0-2k', 'enc_totalcharges_group_2k-4k', 'enc_totalcharges_group_>6k', 'enc_tenure_months_1-6', 'enc_tenure_months_13-18', 'enc_tenure_months_7-12']",10.0,2.0,
161,161,random forest,"['enc_monthlycharges_group_26-50', 'enc_monthlycharges_group_51-75', 'enc_monthlycharges_group_76-100', 'enc_monthlycharges_group_>100', 'enc_totalcharges_group_0-2k', 'enc_totalcharges_group_2k-4k', 'enc_totalcharges_group_>6k', 'enc_tenure_months_1-6', 'enc_tenure_months_13-18', 'enc_tenure_months_7-12']",2.0,2.0,
162,162,random forest,"['enc_monthlycharges_group_26-50', 'enc_monthlycharges_group_51-75', 'enc_monthlycharges_group_76-100', 'enc_monthlycharges_group_>100', 'enc_totalcharges_group_0-2k', 'enc_totalcharges_group_2k-4k', 'enc_totalcharges_group_>6k', 'enc_tenure_months_1-6', 'enc_tenure_months_13-18', 'enc_tenure_months_7-12']",3.0,2.0,
163,163,random forest,"['enc_monthlycharges_group_26-50', 'enc_monthlycharges_group_51-75', 'enc_monthlycharges_group_76-100', 'enc_monthlycharges_group_>100', 'enc_totalcharges_group_0-2k', 'enc_totalcharges_group_2k-4k', 'enc_totalcharges_group_>6k', 'enc_tenure_months_1-6', 'enc_tenure_months_13-18', 'enc_tenure_months_7-12']",4.0,2.0,
164,164,random forest,"['enc_monthlycharges_group_26-50', 'enc_monthlycharges_group_51-75', 'enc_monthlycharges_group_76-100', 'enc_monthlycharges_group_>100', 'enc_totalcharges_group_0-2k', 'enc_totalcharges_group_2k-4k', 'enc_totalcharges_group_>6k', 'enc_tenure_months_1-6', 'enc_tenure_months_13-18', 'enc_tenure_months_7-12']",5.0,2.0,
165,165,random forest,"['enc_monthlycharges_group_26-50', 'enc_monthlycharges_group_51-75', 'enc_monthlycharges_group_76-100', 'enc_monthlycharges_group_>100', 'enc_totalcharges_group_0-2k', 'enc_totalcharges_group_2k-4k', 'enc_totalcharges_group_>6k', 'enc_tenure_months_1-6', 'enc_tenure_months_13-18', 'enc_tenure_months_7-12']",6.0,2.0,
166,166,random forest,"['enc_monthlycharges_group_26-50', 'enc_monthlycharges_group_51-75', 'enc_monthlycharges_group_76-100', 'enc_monthlycharges_group_>100', 'enc_totalcharges_group_0-2k', 'enc_totalcharges_group_2k-4k', 'enc_totalcharges_group_>6k', 'enc_tenure_months_1-6', 'enc_tenure_months_13-18', 'enc_tenure_months_7-12']",7.0,2.0,
167,167,random forest,"['enc_monthlycharges_group_26-50', 'enc_monthlycharges_group_51-75', 'enc_monthlycharges_group_76-100', 'enc_monthlycharges_group_>100', 'enc_totalcharges_group_0-2k', 'enc_totalcharges_group_2k-4k', 'enc_totalcharges_group_>6k', 'enc_tenure_months_1-6', 'enc_tenure_months_13-18', 'enc_tenure_months_7-12']",8.0,2.0,
168,168,random forest,"['enc_monthlycharges_group_26-50', 'enc_monthlycharges_group_51-75', 'enc_monthlycharges_group_76-100', 'enc_monthlycharges_group_>100', 'enc_totalcharges_group_0-2k', 'enc_totalcharges_group_2k-4k', 'enc_totalcharges_group_>6k', 'enc_tenure_months_1-6', 'enc_tenure_months_13-18', 'enc_tenure_months_7-12']",9.0,2.0,
169,169,random forest,"['enc_monthlycharges_group_26-50', 'enc_monthlycharges_group_51-75', 'enc_monthlycharges_group_76-100', 'enc_monthlycharges_group_>100', 'enc_totalcharges_group_0-2k', 'enc_totalcharges_group_2k-4k', 'enc_totalcharges_group_>6k', 'enc_tenure_months_1-6', 'enc_tenure_months_13-18', 'enc_tenure_months_7-12']",10.0,2.0,
170,170,random forest,"['enc_monthlycharges_group_26-50', 'enc_monthlycharges_group_51-75', 'enc_monthlycharges_group_76-100', 'enc_monthlycharges_group_>100', 'enc_totalcharges_group_0-2k', 'enc_totalcharges_group_2k-4k', 'enc_totalcharges_group_>6k', 'enc_tenure_months_1-6', 'enc_tenure_months_13-18', 'enc_tenure_months_7-12']",2.0,2.0,
171,171,random forest,"['enc_monthlycharges_group_26-50', 'enc_monthlycharges_group_51-75', 'enc_monthlycharges_group_76-100', 'enc_monthlycharges_group_>100', 'enc_totalcharges_group_0-2k', 'enc_totalcharges_group_2k-4k', 'enc_totalcharges_group_>6k', 'enc_tenure_months_1-6', 'enc_tenure_months_13-18', 'enc_tenure_months_7-12']",3.0,2.0,
172,172,random forest,"['enc_monthlycharges_group_26-50', 'enc_monthlycharges_group_51-75', 'enc_monthlycharges_group_76-100', 'enc_monthlycharges_group_>100', 'enc_totalcharges_group_0-2k', 'enc_totalcharges_group_2k-4k', 'enc_totalcharges_group_>6k', 'enc_tenure_months_1-6', 'enc_tenure_months_13-18', 'enc_tenure_months_7-12']",4.0,2.0,
173,173,random forest,"['enc_monthlycharges_group_26-50', 'enc_monthlycharges_group_51-75', 'enc_monthlycharges_group_76-100', 'enc_monthlycharges_group_>100', 'enc_totalcharges_group_0-2k', 'enc_totalcharges_group_2k-4k', 'enc_totalcharges_group_>6k', 'enc_tenure_months_1-6', 'enc_tenure_months_13-18', 'enc_tenure_months_7-12']",5.0,2.0,
174,174,random forest,"['enc_monthlycharges_group_26-50', 'enc_monthlycharges_group_51-75', 'enc_monthlycharges_group_76-100', 'enc_monthlycharges_group_>100', 'enc_totalcharges_group_0-2k', 'enc_totalcharges_group_2k-4k', 'enc_totalcharges_group_>6k', 'enc_tenure_months_1-6', 'enc_tenure_months_13-18', 'enc_tenure_months_7-12']",6.0,2.0,
175,175,random forest,"['enc_monthlycharges_group_26-50', 'enc_monthlycharges_group_51-75', 'enc_monthlycharges_group_76-100', 'enc_monthlycharges_group_>100', 'enc_totalcharges_group_0-2k', 'enc_totalcharges_group_2k-4k', 'enc_totalcharges_group_>6k', 'enc_tenure_months_1-6', 'enc_tenure_months_13-18', 'enc_tenure_months_7-12']",7.0,2.0,
176,176,random forest,"['enc_monthlycharges_group_26-50', 'enc_monthlycharges_group_51-75', 'enc_monthlycharges_group_76-100', 'enc_monthlycharges_group_>100', 'enc_totalcharges_group_0-2k', 'enc_totalcharges_group_2k-4k', 'enc_totalcharges_group_>6k', 'enc_tenure_months_1-6', 'enc_tenure_months_13-18', 'enc_tenure_months_7-12']",8.0,2.0,
177,177,random forest,"['enc_monthlycharges_group_26-50', 'enc_monthlycharges_group_51-75', 'enc_monthlycharges_group_76-100', 'enc_monthlycharges_group_>100', 'enc_totalcharges_group_0-2k', 'enc_totalcharges_group_2k-4k', 'enc_totalcharges_group_>6k', 'enc_tenure_months_1-6', 'enc_tenure_months_13-18', 'enc_tenure_months_7-12']",9.0,2.0,
178,178,random forest,"['enc_monthlycharges_group_26-50', 'enc_monthlycharges_group_51-75', 'enc_monthlycharges_group_76-100', 'enc_monthlycharges_group_>100', 'enc_totalcharges_group_0-2k', 'enc_totalcharges_group_2k-4k', 'enc_totalcharges_group_>6k', 'enc_tenure_months_1-6', 'enc_tenure_months_13-18', 'enc_tenure_months_7-12']",10.0,2.0,
179,179,random forest,"['enc_monthlycharges_group_26-50', 'enc_monthlycharges_group_51-75', 'enc_monthlycharges_group_76-100', 'enc_monthlycharges_group_>100', 'enc_totalcharges_group_0-2k', 'enc_totalcharges_group_2k-4k', 'enc_totalcharges_group_>6k', 'enc_tenure_months_1-6', 'enc_tenure_months_13-18', 'enc_tenure_months_7-12']",2.0,2.0,
180,180,random forest,"['enc_monthlycharges_group_26-50', 'enc_monthlycharges_group_51-75', 'enc_monthlycharges_group_76-100', 'enc_monthlycharges_group_>100', 'enc_totalcharges_group_0-2k', 'enc_totalcharges_group_2k-4k', 'enc_totalcharges_group_>6k', 'enc_tenure_months_1-6', 'enc_tenure_months_13-18', 'enc_tenure_months_7-12']",3.0,2.0,
181,181,random forest,"['enc_monthlycharges_group_26-50', 'enc_monthlycharges_group_51-75', 'enc_monthlycharges_group_76-100', 'enc_monthlycharges_group_>100', 'enc_totalcharges_group_0-2k', 'enc_totalcharges_group_2k-4k', 'enc_totalcharges_group_>6k', 'enc_tenure_months_1-6', 'enc_tenure_months_13-18', 'enc_tenure_months_7-12']",4.0,2.0,
182,182,random forest,"['enc_monthlycharges_group_26-50', 'enc_monthlycharges_group_51-75', 'enc_monthlycharges_group_76-100', 'enc_monthlycharges_group_>100', 'enc_totalcharges_group_0-2k', 'enc_totalcharges_group_2k-4k', 'enc_totalcharges_group_>6k', 'enc_tenure_months_1-6', 'enc_tenure_months_13-18', 'enc_tenure_months_7-12']",5.0,2.0,
183,183,random forest,"['enc_monthlycharges_group_26-50', 'enc_monthlycharges_group_51-75', 'enc_monthlycharges_group_76-100', 'enc_monthlycharges_group_>100', 'enc_totalcharges_group_0-2k', 'enc_totalcharges_group_2k-4k', 'enc_totalcharges_group_>6k', 'enc_tenure_months_1-6', 'enc_tenure_months_13-18', 'enc_tenure_months_7-12']",6.0,2.0,
184,184,random forest,"['enc_monthlycharges_group_26-50', 'enc_monthlycharges_group_51-75', 'enc_monthlycharges_group_76-100', 'enc_monthlycharges_group_>100', 'enc_totalcharges_group_0-2k', 'enc_totalcharges_group_2k-4k', 'enc_totalcharges_group_>6k', 'enc_tenure_months_1-6', 'enc_tenure_months_13-18', 'enc_tenure_months_7-12']",7.0,2.0,
185,185,random forest,"['enc_monthlycharges_group_26-50', 'enc_monthlycharges_group_51-75', 'enc_monthlycharges_group_76-100', 'enc_monthlycharges_group_>100', 'enc_totalcharges_group_0-2k', 'enc_totalcharges_group_2k-4k', 'enc_totalcharges_group_>6k', 'enc_tenure_months_1-6', 'enc_tenure_months_13-18', 'enc_tenure_months_7-12']",8.0,2.0,
186,186,random forest,"['enc_monthlycharges_group_26-50', 'enc_monthlycharges_group_51-75', 'enc_monthlycharges_group_76-100', 'enc_monthlycharges_group_>100', 'enc_totalcharges_group_0-2k', 'enc_totalcharges_group_2k-4k', 'enc_totalcharges_group_>6k', 'enc_tenure_months_1-6', 'enc_tenure_months_13-18', 'enc_tenure_months_7-12']",9.0,2.0,
187,187,random forest,"['enc_monthlycharges_group_26-50', 'enc_monthlycharges_group_51-75', 'enc_monthlycharges_group_76-100', 'enc_monthlycharges_group_>100', 'enc_totalcharges_group_0-2k', 'enc_totalcharges_group_2k-4k', 'enc_totalcharges_group_>6k', 'enc_tenure_months_1-6', 'enc_tenure_months_13-18', 'enc_tenure_months_7-12']",10.0,2.0,
188,188,logistic regression,"['enc_monthlycharges_group_76-100', 'enc_tenure_months_1-6']",,,0.001
189,189,logistic regression,"['enc_monthlycharges_group_76-100', 'enc_tenure_months_1-6']",,,0.01
190,190,logistic regression,"['enc_monthlycharges_group_76-100', 'enc_tenure_months_1-6']",,,0.1
191,191,logistic regression,"['enc_monthlycharges_group_76-100', 'enc_tenure_months_1-6']",,,1.0
192,192,logistic regression,"['enc_monthlycharges_group_76-100', 'enc_tenure_months_1-6']",,,10.0
193,193,logistic regression,"['enc_monthlycharges_group_76-100', 'enc_tenure_months_1-6']",,,100.0
194,194,logistic regression,"['enc_monthlycharges_group_76-100', 'enc_tenure_months_1-6']",,,1000.0
195,195,logistic regression,"['enc_monthlycharges_group_76-100', 'enc_totalcharges_group_0-2k', 'enc_tenure_months_1-6']",,,0.001
196,196,logistic regression,"['enc_monthlycharges_group_76-100', 'enc_totalcharges_group_0-2k', 'enc_tenure_months_1-6']",,,0.01
197,197,logistic regression,"['enc_monthlycharges_group_76-100', 'enc_monthlycharges_group_>100', 'enc_tenure_months_1-6']",,,0.1
198,198,logistic regression,"['enc_monthlycharges_group_76-100', 'enc_monthlycharges_group_>100', 'enc_tenure_months_1-6']",,,1.0
199,199,logistic regression,"['enc_monthlycharges_group_76-100', 'enc_monthlycharges_group_>100', 'enc_tenure_months_1-6']",,,10.0
200,200,logistic regression,"['enc_monthlycharges_group_76-100', 'enc_monthlycharges_group_>100', 'enc_tenure_months_1-6']",,,100.0
201,201,logistic regression,"['enc_monthlycharges_group_76-100', 'enc_monthlycharges_group_>100', 'enc_tenure_months_1-6']",,,1000.0
202,202,logistic regression,"['enc_monthlycharges_group_76-100', 'enc_totalcharges_group_0-2k', 'enc_totalcharges_group_>6k', 'enc_tenure_months_1-6']",,,0.001
203,203,logistic regression,"['enc_monthlycharges_group_76-100', 'enc_monthlycharges_group_>100', 'enc_totalcharges_group_0-2k', 'enc_tenure_months_1-6']",,,0.01
204,204,logistic regression,"['enc_monthlycharges_group_76-100', 'enc_monthlycharges_group_>100', 'enc_tenure_months_1-6', 'enc_tenure_months_7-12']",,,0.1
205,205,logistic regression,"['enc_monthlycharges_group_76-100', 'enc_monthlycharges_group_>100', 'enc_totalcharges_group_>6k', 'enc_tenure_months_1-6']",,,1.0
206,206,logistic regression,"['enc_monthlycharges_group_76-100', 'enc_monthlycharges_group_>100', 'enc_totalcharges_group_>6k', 'enc_tenure_months_1-6']",,,10.0
207,207,logistic regression,"['enc_monthlycharges_group_76-100', 'enc_monthlycharges_group_>100', 'enc_totalcharges_group_>6k', 'enc_tenure_months_1-6']",,,100.0
208,208,logistic regression,"['enc_monthlycharges_group_76-100', 'enc_monthlycharges_group_>100', 'enc_totalcharges_group_>6k', 'enc_tenure_months_1-6']",,,1000.0
209,209,logistic regression,"['enc_monthlycharges_group_76-100', 'enc_totalcharges_group_0-2k', 'enc_totalcharges_group_>6k', 'enc_tenure_months_1-6', 'enc_tenure_months_7-12']",,,0.001
210,210,logistic regression,"['enc_monthlycharges_group_76-100', 'enc_monthlycharges_group_>100', 'enc_totalcharges_group_0-2k', 'enc_totalcharges_group_>6k', 'enc_tenure_months_1-6']",,,0.01
211,211,logistic regression,"['enc_monthlycharges_group_76-100', 'enc_monthlycharges_group_>100', 'enc_tenure_months_1-6', 'enc_tenure_months_13-18', 'enc_tenure_months_7-12']",,,0.1
212,212,logistic regression,"['enc_monthlycharges_group_76-100', 'enc_monthlycharges_group_>100', 'enc_totalcharges_group_>6k', 'enc_tenure_months_1-6', 'enc_tenure_months_7-12']",,,1.0
213,213,logistic regression,"['enc_monthlycharges_group_51-75', 'enc_monthlycharges_group_76-100', 'enc_monthlycharges_group_>100', 'enc_totalcharges_group_>6k', 'enc_tenure_months_1-6']",,,10.0
214,214,logistic regression,"['enc_monthlycharges_group_51-75', 'enc_monthlycharges_group_76-100', 'enc_monthlycharges_group_>100', 'enc_totalcharges_group_>6k', 'enc_tenure_months_1-6']",,,100.0
215,215,logistic regression,"['enc_monthlycharges_group_51-75', 'enc_monthlycharges_group_76-100', 'enc_monthlycharges_group_>100', 'enc_totalcharges_group_>6k', 'enc_tenure_months_1-6']",,,1000.0
216,216,logistic regression,"['enc_monthlycharges_group_76-100', 'enc_monthlycharges_group_>100', 'enc_totalcharges_group_0-2k', 'enc_totalcharges_group_>6k', 'enc_tenure_months_1-6', 'enc_tenure_months_7-12']",,,0.001
217,217,logistic regression,"['enc_monthlycharges_group_76-100', 'enc_monthlycharges_group_>100', 'enc_totalcharges_group_0-2k', 'enc_totalcharges_group_>6k', 'enc_tenure_months_1-6', 'enc_tenure_months_7-12']",,,0.01
218,218,logistic regression,"['enc_monthlycharges_group_76-100', 'enc_monthlycharges_group_>100', 'enc_totalcharges_group_2k-4k', 'enc_tenure_months_1-6', 'enc_tenure_months_13-18', 'enc_tenure_months_7-12']",,,0.1
219,219,logistic regression,"['enc_monthlycharges_group_76-100', 'enc_monthlycharges_group_>100', 'enc_totalcharges_group_>6k', 'enc_tenure_months_1-6', 'enc_tenure_months_13-18', 'enc_tenure_months_7-12']",,,1.0
220,220,logistic regression,"['enc_monthlycharges_group_26-50', 'enc_monthlycharges_group_51-75', 'enc_monthlycharges_group_76-100', 'enc_monthlycharges_group_>100', 'enc_totalcharges_group_>6k', 'enc_tenure_months_1-6']",,,10.0
221,221,logistic regression,"['enc_monthlycharges_group_26-50', 'enc_monthlycharges_group_51-75', 'enc_monthlycharges_group_76-100', 'enc_monthlycharges_group_>100', 'enc_totalcharges_group_>6k', 'enc_tenure_months_1-6']",,,100.0
222,222,logistic regression,"['enc_monthlycharges_group_26-50', 'enc_monthlycharges_group_51-75', 'enc_monthlycharges_group_76-100', 'enc_monthlycharges_group_>100', 'enc_totalcharges_group_>6k', 'enc_tenure_months_1-6']",,,1000.0
223,223,logistic regression,"['enc_monthlycharges_group_76-100', 'enc_monthlycharges_group_>100', 'enc_totalcharges_group_0-2k', 'enc_totalcharges_group_>6k', 'enc_tenure_months_1-6', 'enc_tenure_months_13-18', 'enc_tenure_months_7-12']",,,0.001
224,224,logistic regression,"['enc_monthlycharges_group_76-100', 'enc_monthlycharges_group_>100', 'enc_totalcharges_group_0-2k', 'enc_totalcharges_group_2k-4k', 'enc_totalcharges_group_>6k', 'enc_tenure_months_1-6', 'enc_tenure_months_7-12']",,,0.01
225,225,logistic regression,"['enc_monthlycharges_group_76-100', 'enc_monthlycharges_group_>100', 'enc_totalcharges_group_0-2k', 'enc_totalcharges_group_2k-4k', 'enc_tenure_months_1-6', 'enc_tenure_months_13-18', 'enc_tenure_months_7-12']",,,0.1
226,226,logistic regression,"['enc_monthlycharges_group_51-75', 'enc_monthlycharges_group_76-100', 'enc_monthlycharges_group_>100', 'enc_totalcharges_group_>6k', 'enc_tenure_months_1-6', 'enc_tenure_months_13-18', 'enc_tenure_months_7-12']",,,1.0
227,227,logistic regression,"['enc_monthlycharges_group_26-50', 'enc_monthlycharges_group_51-75', 'enc_monthlycharges_group_76-100', 'enc_monthlycharges_group_>100', 'enc_totalcharges_group_>6k', 'enc_tenure_months_1-6', 'enc_tenure_months_7-12']",,,10.0
228,228,logistic regression,"['enc_monthlycharges_group_26-50', 'enc_monthlycharges_group_51-75', 'enc_monthlycharges_group_76-100', 'enc_monthlycharges_group_>100', 'enc_totalcharges_group_>6k', 'enc_tenure_months_1-6', 'enc_tenure_months_7-12']",,,100.0
229,229,logistic regression,"['enc_monthlycharges_group_26-50', 'enc_monthlycharges_group_51-75', 'enc_monthlycharges_group_76-100', 'enc_monthlycharges_group_>100', 'enc_totalcharges_group_>6k', 'enc_tenure_months_1-6', 'enc_tenure_months_7-12']",,,1000.0
230,230,logistic regression,"['enc_monthlycharges_group_26-50', 'enc_monthlycharges_group_76-100', 'enc_monthlycharges_group_>100', 'enc_totalcharges_group_0-2k', 'enc_totalcharges_group_>6k', 'enc_tenure_months_1-6', 'enc_tenure_months_13-18', 'enc_tenure_months_7-12']",,,0.001
231,231,logistic regression,"['enc_monthlycharges_group_76-100', 'enc_monthlycharges_group_>100', 'enc_totalcharges_group_0-2k', 'enc_totalcharges_group_2k-4k', 'enc_totalcharges_group_>6k', 'enc_tenure_months_1-6', 'enc_tenure_months_13-18', 'enc_tenure_months_7-12']",,,0.01
232,232,logistic regression,"['enc_monthlycharges_group_51-75', 'enc_monthlycharges_group_76-100', 'enc_monthlycharges_group_>100', 'enc_totalcharges_group_0-2k', 'enc_totalcharges_group_2k-4k', 'enc_tenure_months_1-6', 'enc_tenure_months_13-18', 'enc_tenure_months_7-12']",,,0.1
233,233,logistic regression,"['enc_monthlycharges_group_26-50', 'enc_monthlycharges_group_51-75', 'enc_monthlycharges_group_76-100', 'enc_monthlycharges_group_>100', 'enc_totalcharges_group_>6k', 'enc_tenure_months_1-6', 'enc_tenure_months_13-18', 'enc_tenure_months_7-12']",,,1.0
234,234,logistic regression,"['enc_monthlycharges_group_26-50', 'enc_monthlycharges_group_51-75', 'enc_monthlycharges_group_76-100', 'enc_monthlycharges_group_>100', 'enc_totalcharges_group_>6k', 'enc_tenure_months_1-6', 'enc_tenure_months_13-18', 'enc_tenure_months_7-12']",,,10.0
235,235,logistic regression,"['enc_monthlycharges_group_26-50', 'enc_monthlycharges_group_51-75', 'enc_monthlycharges_group_76-100', 'enc_monthlycharges_group_>100', 'enc_totalcharges_group_>6k', 'enc_tenure_months_1-6', 'enc_tenure_months_13-18', 'enc_tenure_months_7-12']",,,100.0
236,236,logistic regression,"['enc_monthlycharges_group_26-50', 'enc_monthlycharges_group_51-75', 'enc_monthlycharges_group_76-100', 'enc_monthlycharges_group_>100', 'enc_totalcharges_group_>6k', 'enc_tenure_months_1-6', 'enc_tenure_months_13-18', 'enc_tenure_months_7-12']",,,1000.0
237,237,logistic regression,"['enc_monthlycharges_group_26-50', 'enc_monthlycharges_group_51-75', 'enc_monthlycharges_group_76-100', 'enc_monthlycharges_group_>100', 'enc_totalcharges_group_0-2k', 'enc_totalcharges_group_>6k', 'enc_tenure_months_1-6', 'enc_tenure_months_13-18', 'enc_tenure_months_7-12']",,,0.001
238,238,logistic regression,"['enc_monthlycharges_group_51-75', 'enc_monthlycharges_group_76-100', 'enc_monthlycharges_group_>100', 'enc_totalcharges_group_0-2k', 'enc_totalcharges_group_2k-4k', 'enc_totalcharges_group_>6k', 'enc_tenure_months_1-6', 'enc_tenure_months_13-18', 'enc_tenure_months_7-12']",,,0.01
239,239,logistic regression,"['enc_monthlycharges_group_51-75', 'enc_monthlycharges_group_76-100', 'enc_monthlycharges_group_>100', 'enc_totalcharges_group_0-2k', 'enc_totalcharges_group_2k-4k', 'enc_totalcharges_group_>6k', 'enc_tenure_months_1-6', 'enc_tenure_months_13-18', 'enc_tenure_months_7-12']",,,0.1
240,240,logistic regression,"['enc_monthlycharges_group_26-50', 'enc_monthlycharges_group_51-75', 'enc_monthlycharges_group_76-100', 'enc_monthlycharges_group_>100', 'enc_totalcharges_group_2k-4k', 'enc_totalcharges_group_>6k', 'enc_tenure_months_1-6', 'enc_tenure_months_13-18', 'enc_tenure_months_7-12']",,,1.0
241,241,logistic regression,"['enc_monthlycharges_group_26-50', 'enc_monthlycharges_group_51-75', 'enc_monthlycharges_group_76-100', 'enc_monthlycharges_group_>100', 'enc_totalcharges_group_2k-4k', 'enc_totalcharges_group_>6k', 'enc_tenure_months_1-6', 'enc_tenure_months_13-18', 'enc_tenure_months_7-12']",,,10.0
242,242,logistic regression,"['enc_monthlycharges_group_26-50', 'enc_monthlycharges_group_51-75', 'enc_monthlycharges_group_76-100', 'enc_monthlycharges_group_>100', 'enc_totalcharges_group_2k-4k', 'enc_totalcharges_group_>6k', 'enc_tenure_months_1-6', 'enc_tenure_months_13-18', 'enc_tenure_months_7-12']",,,100.0
243,243,logistic regression,"['enc_monthlycharges_group_26-50', 'enc_monthlycharges_group_51-75', 'enc_monthlycharges_group_76-100', 'enc_monthlycharges_group_>100', 'enc_totalcharges_group_2k-4k', 'enc_totalcharges_group_>6k', 'enc_tenure_months_1-6', 'enc_tenure_months_13-18', 'enc_tenure_months_7-12']",,,1000.0
244,244,logistic regression,"['enc_monthlycharges_group_26-50', 'enc_monthlycharges_group_51-75', 'enc_monthlycharges_group_76-100', 'enc_monthlycharges_group_>100', 'enc_totalcharges_group_0-2k', 'enc_totalcharges_group_2k-4k', 'enc_totalcharges_group_>6k', 'enc_tenure_months_1-6', 'enc_tenure_months_13-18', 'enc_tenure_months_7-12']",,,0.001
245,245,logistic regression,"['enc_monthlycharges_group_26-50', 'enc_monthlycharges_group_51-75', 'enc_monthlycharges_group_76-100', 'enc_monthlycharges_group_>100', 'enc_totalcharges_group_0-2k', 'enc_totalcharges_group_2k-4k', 'enc_totalcharges_group_>6k', 'enc_tenure_months_1-6', 'enc_tenure_months_13-18', 'enc_tenure_months_7-12']",,,0.01
246,246,logistic regression,"['enc_monthlycharges_group_26-50', 'enc_monthlycharges_group_51-75', 'enc_monthlycharges_group_76-100', 'enc_monthlycharges_group_>100', 'enc_totalcharges_group_0-2k', 'enc_totalcharges_group_2k-4k', 'enc_totalcharges_group_>6k', 'enc_tenure_months_1-6', 'enc_tenure_months_13-18', 'enc_tenure_months_7-12']",,,0.1
247,247,logistic regression,"['enc_monthlycharges_group_26-50', 'enc_monthlycharges_group_51-75', 'enc_monthlycharges_group_76-100', 'enc_monthlycharges_group_>100', 'enc_totalcharges_group_0-2k', 'enc_totalcharges_group_2k-4k', 'enc_totalcharges_group_>6k', 'enc_tenure_months_1-6', 'enc_tenure_months_13-18', 'enc_tenure_months_7-12']",,,1.0
248,248,logistic regression,"['enc_monthlycharges_group_26-50', 'enc_monthlycharges_group_51-75', 'enc_monthlycharges_group_76-100', 'enc_monthlycharges_group_>100', 'enc_totalcharges_group_0-2k', 'enc_totalcharges_group_2k-4k', 'enc_totalcharges_group_>6k', 'enc_tenure_months_1-6', 'enc_tenure_months_13-18', 'enc_tenure_months_7-12']",,,10.0
249,249,logistic regression,"['enc_monthlycharges_group_26-50', 'enc_monthlycharges_group_51-75', 'enc_monthlycharges_group_76-100', 'enc_monthlycharges_group_>100', 'enc_totalcharges_group_0-2k', 'enc_totalcharges_group_2k-4k', 'enc_totalcharges_group_>6k', 'enc_tenure_months_1-6', 'enc_tenure_months_13-18', 'enc_tenure_months_7-12']",,,100.0
250,250,logistic regression,"['enc_monthlycharges_group_26-50', 'enc_monthlycharges_group_51-75', 'enc_monthlycharges_group_76-100', 'enc_monthlycharges_group_>100', 'enc_totalcharges_group_0-2k', 'enc_totalcharges_group_2k-4k', 'enc_totalcharges_group_>6k', 'enc_tenure_months_1-6', 'enc_tenure_months_13-18', 'enc_tenure_months_7-12']",,,1000.0
251,251,logistic regression,"['enc_monthlycharges_group_26-50', 'enc_monthlycharges_group_51-75', 'enc_monthlycharges_group_76-100', 'enc_monthlycharges_group_>100', 'enc_totalcharges_group_0-2k', 'enc_totalcharges_group_2k-4k', 'enc_totalcharges_group_>6k', 'enc_tenure_months_1-6', 'enc_tenure_months_13-18', 'enc_tenure_months_7-12']",,,0.001
252,252,logistic regression,"['enc_monthlycharges_group_26-50', 'enc_monthlycharges_group_51-75', 'enc_monthlycharges_group_76-100', 'enc_monthlycharges_group_>100', 'enc_totalcharges_group_0-2k', 'enc_totalcharges_group_2k-4k', 'enc_totalcharges_group_>6k', 'enc_tenure_months_1-6', 'enc_tenure_months_13-18', 'enc_tenure_months_7-12']",,,0.01
253,253,logistic regression,"['enc_monthlycharges_group_26-50', 'enc_monthlycharges_group_51-75', 'enc_monthlycharges_group_76-100', 'enc_monthlycharges_group_>100', 'enc_totalcharges_group_0-2k', 'enc_totalcharges_group_2k-4k', 'enc_totalcharges_group_>6k', 'enc_tenure_months_1-6', 'enc_tenure_months_13-18', 'enc_tenure_months_7-12']",,,0.1
254,254,logistic regression,"['enc_monthlycharges_group_26-50', 'enc_monthlycharges_group_51-75', 'enc_monthlycharges_group_76-100', 'enc_monthlycharges_group_>100', 'enc_totalcharges_group_0-2k', 'enc_totalcharges_group_2k-4k', 'enc_totalcharges_group_>6k', 'enc_tenure_months_1-6', 'enc_tenure_months_13-18', 'enc_tenure_months_7-12']",,,1.0
255,255,logistic regression,"['enc_monthlycharges_group_26-50', 'enc_monthlycharges_group_51-75', 'enc_monthlycharges_group_76-100', 'enc_monthlycharges_group_>100', 'enc_totalcharges_group_0-2k', 'enc_totalcharges_group_2k-4k', 'enc_totalcharges_group_>6k', 'enc_tenure_months_1-6', 'enc_tenure_months_13-18', 'enc_tenure_months_7-12']",,,10.0
256,256,logistic regression,"['enc_monthlycharges_group_26-50', 'enc_monthlycharges_group_51-75', 'enc_monthlycharges_group_76-100', 'enc_monthlycharges_group_>100', 'enc_totalcharges_group_0-2k', 'enc_totalcharges_group_2k-4k', 'enc_totalcharges_group_>6k', 'enc_tenure_months_1-6', 'enc_tenure_months_13-18', 'enc_tenure_months_7-12']",,,100.0
257,257,logistic regression,"['enc_monthlycharges_group_26-50', 'enc_monthlycharges_group_51-75', 'enc_monthlycharges_group_76-100', 'enc_monthlycharges_group_>100', 'enc_totalcharges_group_0-2k', 'enc_totalcharges_group_2k-4k', 'enc_totalcharges_group_>6k', 'enc_tenure_months_1-6', 'enc_tenure_months_13-18', 'enc_tenure_months_7-12']",,,1000.0
258,258,logistic regression,"['enc_monthlycharges_group_26-50', 'enc_monthlycharges_group_51-75', 'enc_monthlycharges_group_76-100', 'enc_monthlycharges_group_>100', 'enc_totalcharges_group_0-2k', 'enc_totalcharges_group_2k-4k', 'enc_totalcharges_group_>6k', 'enc_tenure_months_1-6', 'enc_tenure_months_13-18', 'enc_tenure_months_7-12']",,,0.001
259,259,logistic regression,"['enc_monthlycharges_group_26-50', 'enc_monthlycharges_group_51-75', 'enc_monthlycharges_group_76-100', 'enc_monthlycharges_group_>100', 'enc_totalcharges_group_0-2k', 'enc_totalcharges_group_2k-4k', 'enc_totalcharges_group_>6k', 'enc_tenure_months_1-6', 'enc_tenure_months_13-18', 'enc_tenure_months_7-12']",,,0.01
260,260,logistic regression,"['enc_monthlycharges_group_26-50', 'enc_monthlycharges_group_51-75', 'enc_monthlycharges_group_76-100', 'enc_monthlycharges_group_>100', 'enc_totalcharges_group_0-2k', 'enc_totalcharges_group_2k-4k', 'enc_totalcharges_group_>6k', 'enc_tenure_months_1-6', 'enc_tenure_months_13-18', 'enc_tenure_months_7-12']",,,0.1
261,261,logistic regression,"['enc_monthlycharges_group_26-50', 'enc_monthlycharges_group_51-75', 'enc_monthlycharges_group_76-100', 'enc_monthlycharges_group_>100', 'enc_totalcharges_group_0-2k', 'enc_totalcharges_group_2k-4k', 'enc_totalcharges_group_>6k', 'enc_tenure_months_1-6', 'enc_tenure_months_13-18', 'enc_tenure_months_7-12']",,,1.0
262,262,logistic regression,"['enc_monthlycharges_group_26-50', 'enc_monthlycharges_group_51-75', 'enc_monthlycharges_group_76-100', 'enc_monthlycharges_group_>100', 'enc_totalcharges_group_0-2k', 'enc_totalcharges_group_2k-4k', 'enc_totalcharges_group_>6k', 'enc_tenure_months_1-6', 'enc_tenure_months_13-18', 'enc_tenure_months_7-12']",,,10.0
263,263,logistic regression,"['enc_monthlycharges_group_26-50', 'enc_monthlycharges_group_51-75', 'enc_monthlycharges_group_76-100', 'enc_monthlycharges_group_>100', 'enc_totalcharges_group_0-2k', 'enc_totalcharges_group_2k-4k', 'enc_totalcharges_group_>6k', 'enc_tenure_months_1-6', 'enc_tenure_months_13-18', 'enc_tenure_months_7-12']",,,100.0
